Developers,News,Platforms,Influencers
afterthefallvr,benz145,ceek,adc_vr
altspacevr,forbes,holoride,akwyz
beatsaber,labordeolivier,meta,albertoemachado
bloktopia,medicinecoin,metaquestvr,analytics_699
coredisruption,pdh_scitechnews,playstation,anand_narang
decentraland,visualcap,SteamVR,andi_staub
districtmvr,ARVRNews,MetaQuestGaming,antgrasso
dreamnerdygames,EnterVR,htcvive,betamoroney
education_24x7,RtoVR,htc,charliefink
flipkartsupport,UploadVR,magicleap,charny_vr
futurtechstudio,VentureBeat,VirtuixOmni,chboursin
gaeldk1,VRNewsReport,WorldViz,chottodragon
gazzlers,VRScout,HoloLens,curieuxexplorer
plutoniansgame,TheVRLab,,dadddy_vr
roguevr,,,diagorovenko
setvr,,,enilev
vault_hill,,,enricomolinari
somniumspace,,,fabriziobustama
sketchfab,,,frronconi
victoriavrcom,,,gamertagvr
vrchat,,,gingasvr
vrvirtuoso,,,glengilmore
walkaboutmg,,,granny_vr
antler_interact,,,gvalan
BigscreenVR,,,hana_elsayyed
Cemtrex,,,haroldsinnott
cryengine,,,intrinsicworld
Crytek,,,ipfconline1
Fireproof_Games,,,izanne_vr
InnerspaceVR,,,jblefevre60
iTechArt,,,jeroenbartelse
luden_io,,,kagogi_vr
Matterport,,,kalai_vr_46
OwlchemyLabs,,,kalydeoo
OZWEGames,,,kanezadiane
PixelityGames,,,kentbye
Survios,,,khulood_almani
SurviosArcades,,,kirkdborne
Ubisoft,,,kroyvr
unitygames,,,lewdlily_vr
UnrealEngine,,,margaretsiegien
WeAreCXR,,,midori_vr
,,,mura_vr
,,,mvollmer1
,,,nathievr
,,,neos_vr
,,,paradisedecay
,,,pawlowskimario
,,,ragusosergio
,,,reava_vr
,,,rileydps
,,,rkvl_vr
,,,roblemvr
,,,ronald_vanloon
,,,rwang0
,,,sadlyitsbradley
,,,rayne_vr
,,,sallyeaves
,,,shi4tech
,,,sidequestvr
,,,skarredghost
,,,skeeva
,,,suk_vr_art
,,,sxsw
,,,thomass55761373
,,,thrilluwu
,,,tipatat
,,,ufiventures
,,,valu_vr_03
,,,vaniada_vr
,,,vr_hai
,,,vr_mama
,,,vr_sam
,,,vr_tonio
,,,ym78200
,,,TheKillettosVR
,,,LethalWeaselVR
,,,IstMidlife
,,,VR_Rosie
,,,CixLiv
,,,Alex__VR
,,,RatSmacker3
,,,Scobleizer
,,,vr_oasis
,,,tunermaxx
,,,MartinNebelong
,,,TabGames3
,,,LIV
,,,EricPresidentVR
,,,OBiW4NSHiNOBi
,,,theAngieTaylor
,,,CathyHackl
,,,Capamike115
,,,PHIA_bunny
